Workbook
Name Orders: Sheet2!$A$1:$D$7
Name Products: Sheet1!$A$1:$C$7

Sheet Sheet1
A1: ProductID | B1: Product | C1: Price | D1: Order/Not Ordered | E1: Total Quantity Sold
A2: 101 | B2: Product A | C2: 120 | D2: =IF(ISNA(VLOOKUP(A2,Sheet2!B:B,1,0)),"Not Ordered","Ordered") -> Ordered | E2: =SUMIF(Sheet2!$B$2:$B$8, VLOOKUP(A2,Sheet1!$A$2:$A$8,1,0), Sheet2!$C$2:$C$8) -> 2
A3: 102 | B3: Product B | C3: 150 | D3: =IF(ISNA(VLOOKUP(A3,Sheet2!B:B,1,0)),"Not Ordered","Ordered") -> Ordered | E3: =SUMIF(Sheet2!$B$2:$B$8, VLOOKUP(A3,Sheet1!$A$2:$A$8,1,0), Sheet2!$C$2:$C$8) -> 5
A4: 103 | B4: Product C | C4: 200 | D4: =IF(ISNA(VLOOKUP(A4,Sheet2!B:B,1,0)),"Not Ordered","Ordered") -> Ordered | E4: =SUMIF(Sheet2!$B$2:$B$8, VLOOKUP(A4,Sheet1!$A$2:$A$8,1,0), Sheet2!$C$2:$C$8) -> 1
A5: 104 | B5: Product D | C5: 90 | D5: =IF(ISNA(VLOOKUP(A5,Sheet2!B:B,1,0)),"Not Ordered","Ordered") -> Ordered | E5: =SUMIF(Sheet2!$B$2:$B$8, VLOOKUP(A5,Sheet1!$A$2:$A$8,1,0), Sheet2!$C$2:$C$8) -> 6
A6: 105 | B6: Product E | C6: 220 | D6: =IF(ISNA(VLOOKUP(A6,Sheet2!B:B,1,0)),"Not Ordered","Ordered") -> Ordered | E6: =SUMIF(Sheet2!$B$2:$B$8, VLOOKUP(A6,Sheet1!$A$2:$A$8,1,0), Sheet2!$C$2:$C$8) -> 4
A7: 106 | B7: Product F | C7: 130 | D7: =IF(ISNA(VLOOKUP(A7,Sheet2!B:B,1,0)),"Not Ordered","Ordered") -> Ordered | E7: =SUMIF(Sheet2!$B$2:$B$8, VLOOKUP(A7,Sheet1!$A$2:$A$8,1,0), Sheet2!$C$2:$C$8) -> 3
A8: 108 | B8: Product H | C8: 180 | D8: =IF(ISNA(VLOOKUP(A8,Sheet2!B:B,1,0)),"Not Ordered","Ordered") -> Not Ordered | E8: =SUMIF(Sheet2!$B$2:$B$8, VLOOKUP(A8,Sheet1!$A$2:$A$8,1,0), Sheet2!$C$2:$C$8) -> 0

Sheet Sheet2
A1: OrderID | B1: ProductID | C1: Quantity | D1: Product Name | E1: Price | F1: Total Price | G1: F/NF | H1: Discounted Price
A2: 1 | B2: 101 | C2: 2 | D2: =VLOOKUP(B2,Sheet1!$A$1:$C$7,2,0) -> Product A | E2: =VLOOKUP(B2,Sheet1!$A$1:$C$7,3,0) -> 120 | F2: =C2*VLOOKUP(B2,Sheet1!$A$2:$C$7,3,0) -> 240 | G2: =IF(ISNA(VLOOKUP(B2,Sheet1!$A$1:$C$7,1,0)),"Not Found","Found") -> Found | H2: =E2*0.9 -> 108
A3: 2 | B3: 103 | C3: 1 | D3: =VLOOKUP(B3,Sheet1!$A$1:$C$7,2,0) -> Product C | E3: =VLOOKUP(B3,Sheet1!$A$1:$C$7,3,0) -> 200 | F3: =C3*VLOOKUP(B3,Sheet1!$A$2:$C$7,3,0) -> 200 | G3: =IF(ISNA(VLOOKUP(B3,Sheet1!$A$1:$C$7,1,0)),"Not Found","Found") -> Found | H3: =E3*0.9 -> 180
A4: 3 | B4: 105 | C4: 4 | D4: =VLOOKUP(B4,Sheet1!$A$1:$C$7,2,0) -> Product E | E4: =VLOOKUP(B4,Sheet1!$A$1:$C$7,3,0) -> 220 | F4: =C4*VLOOKUP(B4,Sheet1!$A$2:$C$7,3,0) -> 880 | G4: =IF(ISNA(VLOOKUP(B4,Sheet1!$A$1:$C$7,1,0)),"Not Found","Found") -> Found | H4: =E4*0.9 -> 198
A5: 4 | B5: 106 | C5: 3 | D5: =VLOOKUP(B5,Sheet1!$A$1:$C$7,2,0) -> Product F | E5: =VLOOKUP(B5,Sheet1!$A$1:$C$7,3,0) -> 130 | F5: =C5*VLOOKUP(B5,Sheet1!$A$2:$C$7,3,0) -> 390 | G5: =IF(ISNA(VLOOKUP(B5,Sheet1!$A$1:$C$7,1,0)),"Not Found","Found") -> Found | H5: =E5*0.9 -> 117
A6: 5 | B6: 102 | C6: 5 | D6: =VLOOKUP(B6,Sheet1!$A$1:$C$7,2,0) -> Product B | E6: =VLOOKUP(B6,Sheet1!$A$1:$C$7,3,0) -> 150 | F6: =C6*VLOOKUP(B6,Sheet1!$A$2:$C$7,3,0) -> 750 | G6: =IF(ISNA(VLOOKUP(B6,Sheet1!$A$1:$C$7,1,0)),"Not Found","Found") -> Found | H6: =E6*0.9 -> 135
A7: 6 | B7: 104 | C7: 6 | D7: =VLOOKUP(B7,Sheet1!$A$1:$C$7,2,0) -> Product D | E7: =VLOOKUP(B7,Sheet1!$A$1:$C$7,3,0) -> 90 | F7: =C7*VLOOKUP(B7,Sheet1!$A$2:$C$7,3,0) -> 540 | G7: =IF(ISNA(VLOOKUP(B7,Sheet1!$A$1:$C$7,1,0)),"Not Found","Found") -> Found | H7: =E7*0.9 -> 81
A8: 7 | B8: 107 | C8: 7 | D8: Product G | E8: 110 | F8: 770 | G8: =IF(ISNA(VLOOKUP(B8,Sheet1!$A$1:$C$7,1,0)),"Not Found","Found") -> Not Found | H8: =E8*0.9 -> 99
E13: Maximum Order Value | G13: =MAX(F2:F8) -> 880
